model,accuracy,precision,recall,f1_score,roc_auc
SVM,0.8787878787878788,0.8604651162790697,0.9487179487179487,0.9024390243902439,0.9202279202279202
RandomForest,0.9090909090909091,0.8837209302325582,0.9743589743589743,0.926829268292683,0.9558404558404558
