model,accuracy,precision,recall,f1_score,roc_auc
SVM,0.8385416666666666,0.6228070175438597,0.7888888888888889,0.696078431372549,0.9153817082388511
RandomForest,0.9010416666666666,0.8095238095238095,0.7555555555555555,0.7816091954022989,0.9718631897203326
