model,accuracy,precision,recall,f1_score,roc_auc
SVM,0.8385416666666666,0.6228070175438597,0.7888888888888889,0.696078431372549,0.9153817082388511
RandomForest,0.9010416666666666,0.8023255813953488,0.7666666666666667,0.7840909090909091,0.9727891156462586
